UMichFootball,Michigan Football,22_duxe
UMichFootball,Michigan Football,5secondrule76
UMichFootball,Michigan Football,AnneMar60295726
UMichFootball,Michigan Football,Anthony58339574
UMichFootball,Michigan Football,BlatnerTorin
UMichFootball,Michigan Football,Brad04676194
UMichFootball,Michigan Football,CFoyt
UMichFootball,Michigan Football,CardoosoSEP
UMichFootball,Michigan Football,Chris_McCa
UMichFootball,Michigan Football,ChristeMolyroly
UMichFootball,Michigan Football,DGYDentistry
UMichFootball,Michigan Football,Daniel_Gil_007
UMichFootball,Michigan Football,DawnRodz
UMichFootball,Michigan Football,Football_Nerd52
UMichFootball,Michigan Football,GoldenDemonFB
UMichFootball,Michigan Football,GuedeaAnthony
UMichFootball,Michigan Football,IGonebure78
UMichFootball,Michigan Football,JonasMiottoNFL1
UMichFootball,Michigan Football,Joshua432353761
UMichFootball,Michigan Football,Kblue1966
UMichFootball,Michigan Football,KenKen2654
UMichFootball,Michigan Football,Kyle_M23
UMichFootball,Michigan Football,LilSpunion
UMichFootball,Michigan Football,MAKX51290154
UMichFootball,Michigan Football,ManuelG77629802
UMichFootball,Michigan Football,McinnesNick
UMichFootball,Michigan Football,MicahTinnell
UMichFootball,Michigan Football,NoahSwart6
UMichFootball,Michigan Football,OTHMichigan
UMichFootball,Michigan Football,OrtonaKelly
UMichFootball,Michigan Football,Parker35418983
UMichFootball,Michigan Football,RGriswold32
UMichFootball,Michigan Football,SM_EL08
UMichFootball,Michigan Football,Scahill_sean
UMichFootball,Michigan Football,StuntwomanSOU
UMichFootball,Michigan Football,Vincel1911
UMichFootball,Michigan Football,VukVujosevic2
UMichFootball,Michigan Football,YoungRi24
UMichFootball,Michigan Football,_kadinm04
UMichFootball,Michigan Football,alek_reynolds
UMichFootball,Michigan Football,antione18625384
UMichFootball,Michigan Football,braxtonpeters7
UMichFootball,Michigan Football,cameronm3005
UMichFootball,Michigan Football,cerealbowlgame
UMichFootball,Michigan Football,chris04162646
UMichFootball,Michigan Football,chris_caruana13
UMichFootball,Michigan Football,denton_mason
UMichFootball,Michigan Football,dj_frazier4
UMichFootball,Michigan Football,foresthillsjon
UMichFootball,Michigan Football,iansheeets
UMichFootball,Michigan Football,jameswe89953471
UMichFootball,Michigan Football,johnnyb55316518
UMichFootball,Michigan Football,johnnynic33
UMichFootball,Michigan Football,jonpatt32548649
UMichFootball,Michigan Football,jp79531937
UMichFootball,Michigan Football,kobebaert0
UMichFootball,Michigan Football,lilzz96
UMichFootball,Michigan Football,mjaskowiak5
UMichFootball,Michigan Football,mstorns
UMichFootball,Michigan Football,norma70736480
UMichFootball,Michigan Football,notaustinwhite1
UMichFootball,Michigan Football,raynj_s
UMichFootball,Michigan Football,semajjo81187155
UMichFootball,Michigan Football,sydneyelliott00
UMichFootball,Michigan Football,uajournalgirl
UMich,University of Michigan,AliHedquist
UMich,University of Michigan,BBT9999991
UMich,University of Michigan,BillWol74636247
UMich,University of Michigan,Bokilfamily
UMich,University of Michigan,CardoosoSEP
UMich,University of Michigan,ChristyFann
UMich,University of Michigan,DGYDentistry
UMich,University of Michigan,GrrrrSas
UMich,University of Michigan,HDinerman
UMich,University of Michigan,JugglingforJude
UMich,University of Michigan,KennyLe26678696
UMich,University of Michigan,Kiransquire
UMich,University of Michigan,Lentw
UMich,University of Michigan,MarySchrum
UMich,University of Michigan,Pursuant
UMich,University of Michigan,SagittarianMind
UMich,University of Michigan,SmolerEmma
UMich,University of Michigan,TSTCAlumni
UMich,University of Michigan,Yipu34378656
UMich,University of Michigan,YudiArdian1979
UMich,University of Michigan,abbybaughan01
UMich,University of Michigan,abigailfox_
UMich,University of Michigan,carlo_tini
UMich,University of Michigan,fotios_a
UMich,University of Michigan,hammadtarar
UMich,University of Michigan,huangtonsoup
UMich,University of Michigan,jacobde99783484
UMich,University of Michigan,josh_taube
UMich,University of Michigan,joshreifel
UMich,University of Michigan,juneseokroh01
UMich,University of Michigan,kevinclous
UMich,University of Michigan,lab_levi
UMich,University of Michigan,madelinerosen1
UMich,University of Michigan,maffyu
UMich,University of Michigan,mohalmneiry
UMich,University of Michigan,peachmp2
UMich,University of Michigan,pegilaci
UMich,University of Michigan,seibold_sharon
UMich,University of Michigan,semajjo81187155
UMich,University of Michigan,xYRxGeminix313
UMich,University of Michigan,zoey_weinstein
umichbball,Michigan Men's Basketball,BobAsmussen
umichbball,Michigan Men's Basketball,CamronFoster5
umichbball,Michigan Men's Basketball,ChristySelagy
umichbball,Michigan Men's Basketball,Corinna78290829
umichbball,Michigan Men's Basketball,DGYDentistry
umichbball,Michigan Men's Basketball,DanHereNow
umichbball,Michigan Men's Basketball,Diana56340982
umichbball,Michigan Men's Basketball,Don06073222
umichbball,Michigan Men's Basketball,JanetHaneberg
umichbball,Michigan Men's Basketball,Kblue1966
umichbball,Michigan Men's Basketball,MWHS_BoysBB
umichbball,Michigan Men's Basketball,Madison70871729
umichbball,Michigan Men's Basketball,MicahTinnell
umichbball,Michigan Men's Basketball,Mrender2
umichbball,Michigan Men's Basketball,RON_E_B_357
umichbball,Michigan Men's Basketball,RaguMurali23
umichbball,Michigan Men's Basketball,Ross3Dion
umichbball,Michigan Men's Basketball,ShawnLMartin4
umichbball,Michigan Men's Basketball,XTasiaa
umichbball,Michigan Men's Basketball,antione18625384
umichbball,Michigan Men's Basketball,jasdouble07
umichbball,Michigan Men's Basketball,kobebaert0
umichbball,Michigan Men's Basketball,kylemar40922885
umichbball,Michigan Men's Basketball,lilzz96
umichbball,Michigan Men's Basketball,mstorns
umichbball,Michigan Men's Basketball,mymanquinnie
umichbball,Michigan Men's Basketball,rswegles
umichbball,Michigan Men's Basketball,salamasauras
umichbball,Michigan Men's Basketball,tyler_vandyk
umichbball,Michigan Men's Basketball,winpooh702
umichbball,Michigan Men's Basketball,xYRxGeminix313
MSU_Football,Michigan State Football,Arthur02687195
MSU_Football,Michigan State Football,Caitlin09568903
MSU_Football,Michigan State Football,CampbellDecota
MSU_Football,Michigan State Football,EricaBl50579315
MSU_Football,Michigan State Football,JacobSteiner04
MSU_Football,Michigan State Football,RobbieHattan
MSU_Football,Michigan State Football,SagittarianMind
MSU_Football,Michigan State Football,ShadowsSpartan
MSU_Football,Michigan State Football,TaylerJacob2
MSU_Football,Michigan State Football,Vincel1911
MSU_Football,Michigan State Football,Zeferino14
MSU_Football,Michigan State Football,brett_taariik
MSU_Football,Michigan State Football,cerealbowlgame
MSU_Football,Michigan State Football,moses4x
MSU_Football,Michigan State Football,motty150
MSU_Football,Michigan State Football,preston84675436
MSU_Football,Michigan State Football,reeder_duke
MSU_Basketball,Michigan State Basketball,AnthonyRollins3
MSU_Basketball,Michigan State Basketball,Corinna78290829
MSU_Basketball,Michigan State Basketball,Joshb22baller
MSU_Basketball,Michigan State Basketball,SagittarianMind
MSU_Basketball,Michigan State Basketball,ShadowsSpartan
MSU_Basketball,Michigan State Basketball,___harphoo
MSU_Basketball,Michigan State Basketball,antione18625384
MSU_Basketball,Michigan State Basketball,ashcake865
MSU_Basketball,Michigan State Basketball,beeferbeebop
MSU_Basketball,Michigan State Basketball,royboy_5
MSU_Basketball,Michigan State Basketball,traceyritz21
PureMichigan,Pure Michigan,AmericaFloats
PureMichigan,Pure Michigan,Anthony77705832
PureMichigan,Pure Michigan,CodyButlerTV
PureMichigan,Pure Michigan,DGYDentistry
PureMichigan,Pure Michigan,SheilaJ45422168
PureMichigan,Pure Michigan,pjpettibone
